patient_id,age,sex,crt_d,nyha,afib,htn,diabetes,etiology,mi,pci,cabg,creat,gfr,lvef,lvidd,lvids
P-10-2,61.02191781,1,0,3,1,1,0,0,0,0,0,77,66.1145914,30,57,45
P-7,80.15068493,1,0,3,1,1,0,1,0,1,0,185,22.74845464,20,70,51
P-180,69.33424658,1,1,3,0,1,0,1,0,0,1,118,39.36379879,30,64,54
